,group,Porphyromonadaceae_unclassified,Blautia,Barnesiella,Lachnospiraceae_unclassified,Prevotella,Lachnospiracea_incertae_sedis,Clostridiales_unclassified,Alloprevotella,Bacteroides,Ruminococcaceae_unclassified,Phascolarctobacterium,Allobaculum,Helicobacter,Lactobacillus,Streptococcus,Oscillibacter,Parasutterella,Erysipelotrichaceae_unclassified,Roseburia,Fusicatenibacter,Anaerostipes,Romboutsia,Ruminococcus,Clostridium_XlVa,Bifidobacterium,Turicibacter,Paraprevotella,Clostridium_IV,Parabacteroides,Butyricicoccus,Clostridium_XI,Flavonifractor,Ruminococcus2,Dorea,Erysipelotrichaceae_incertae_sedis,Alistipes,Acetatifactor,Bacteroidales_unclassified,Desulfovibrionaceae_unclassified,Intestinimonas,Sutterella,Peptococcaceae_unclassified,Bacteria_unclassified,Firmicutes_unclassified,Clostridium_XVIII,Coprococcus,Clostridiaceae_unclassified,Candidatus_unclassified,Akkermansia,Prevotellaceae_unclassified,Coprobacillus,Rhodospirillaceae_unclassified,Enterococcus,Bilophila,Deltaproteobacteria_unclassified,Fusobacterium,Clostridium_XlVb,Pseudoflavonifractor,Mycoplasma,Eubacterium,Veillonellaceae_unclassified,Escherichia/Shigella,Subdivision5_genera_incertae_sedis,Proteobacteria_unclassified,Desulfovibrionales_unclassified,Butyricimonas,Holdemania,Aestuariispira,Vampirovibrio,Coriobacteriaceae_unclassified,Veillonella,Acetanaerobacterium,Olsenella,Lactococcus,Pasteurellaceae_unclassified,Marvinbryantia,Anaerotruncus,Clostridiales_Incertae_unclassified,Clostridia_unclassified,Stomatobaculum,Collinsella,Rothia,Elusimicrobium,Bacillales_Incertae_unclassified,Desulfovibrio,Sporobacter,Faecalibacterium,Methanomassiliicoccus,Methanobrevibacter,Victivallis,Defluviitalea,Actinomyces,Macellibacteroides,Mucispirillum,Proteus,Corynebacterium,Bacillaceae_unclassified,Globicatella,Haemophilus,Puniceicoccaceae_unclassified,Flavobacteriales_unclassified,Aerococcus,Megamonas,Enterorhabdus,Morganella,Gracilibacter,Peptostreptococcus,Psychrobacter,Parvibacter,Hydrogenoanaerobacterium,Coprobacter,Streptophyta,Christensenella,Lentisphaerae_unclassified,Anaerobacterium,Anaerofustis,Staphylococcus,Neisseriaceae_unclassified,Campylobacter,Odoribacter,Anaeroplasma,Coraliomargarita,Actinobacillus,Senegalimassilia,Alphaproteobacteria_unclassified,Jeotgalicoccus,Paraeggerthella,Bacteroidetes_unclassified,Opitutae_unclassified,Actinomycetales_unclassified,Lactobacillales_unclassified,Gemmiger,Atopostipes,Gardnerella,Selenomonadales_unclassified,Catenibacterium,Enterobacteriaceae_unclassified,Paenalcaligenes,Flavobacteriaceae_unclassified,Oligella,Bacillales_unclassified,Neisseria,Anaerosporobacter,Cellulosilyticum,Facklamia,Holdemanella,Hungatella,Intestinibacter,Peptostreptococcaceae_unclassified,Rikenellaceae_unclassified
51_0W,0W,0.232015,0.009455,0.021118,0.075698,0.030571,0.004092,0.093052,0.004903,0.043161,0.199966,0.005505,0.036398,9.50E-05,0.018181,7.00E-04,0.004848,0.002563,0.003771,0.00111,2.30E-05,0.009128,0.005064,0.068169,0.004223,0.000138,0.005108,0.01138,0.008696,0.003116,0.001017,0.000746,0.002943,0.001212,0.000757,0.000556,0.011624,0.001689,0.006642,0.002056,0.002083,0.000431,0.001671,0.00196,0.023611,0.000392,0.000234,0.002516,0.013382,0.003338,0.00061,0.000336,0.000965,0,0,0.002807,0.00057,0.001803,0.000255,0,0.000557,0.000787,9.90E-05,0,0.000382,0,8.10E-05,8.30E-05,3.60E-05,0.000481,0.001238,0,0.000183,4.00E-05,0.000104,0.000228,0.000157,0.000304,0.001714,0.001082,1.00E-05,0.000602,1.00E-04,0.000456,2.20E-05,0,0.000516,0,0,0.001001,0,0.000596,2.70E-05,8.10E-05,0,0,0,0,5.50E-05,0,4.20E-05,2.80E-05,0,0,0,0,0,0,2.00E-05,2.40E-05,3.60E-05,0,0,4.60E-05,0,7.80E-05,2.30E-05,2.60E-05,3.30E-05,0,0,1.90E-05,1.60E-05,0,3.10E-05,0,0,2.20E-05,4.80E-05,0,2.30E-05,1.00E-05,0,0,0,0,0,0,0,0,0,0,0,0,0,0,0,0,0,0,0
55_0W,0W,0.308115,0.001199,0.019441,0.099403,0.105897,0.003531,0.03148,0.004276,0.091684,0.089649,0.008058,0.001645,0.00093,0.005201,0.000266,0.022335,0.006558,0.000583,0.000364,0,0.0012,0.002529,0.008356,0.002176,2.90E-05,0.001642,0.032529,0.00986,0.005074,0.002591,0.00036,0.002836,0.00057,0.000443,0.000366,0.019141,0.003554,0.004279,0.007759,0.006693,0.000985,0.000978,0.008552,0.00773,0.000178,0.000317,0.000203,0.00535,0.000726,0.012825,2.40E-05,0.001593,0,0.00014,0.007464,0.000125,0.002802,0.001983,0.000734,0.001792,0.003984,3.10E-05,0.01694,0.001747,0,0.000261,5.80E-05,0.000136,0.000708,0.000817,0,0.000876,0,0.000497,0.00049,0,0.00058,0.00047,9.10E-05,0.000138,0.000489,3.20E-05,0.001654,0,0.000153,0.000658,1.00E-04,0,3.10E-05,0,0,0,0.001109,3.90E-05,0,5.00E-05,0,0,0,3.30E-05,0,0,0,8.70E-05,0,3.90E-05,0,4.10E-05,7.10E-05,4.00E-05,7.40E-05,0,9.10E-05,3.10E-05,0,0,0,0,0,0,0,3.70E-05,0,5.50E-05,6.10E-05,0,0,3.60E-05,6.20E-05,0,0,0,0,0,0,0,0,0,0,0,0,0,0,0,0,0,0,0,0,0
68_0W,0W,0.150446,0.0032,0.039297,0.159296,0.089379,0.006058,0.036024,0.042477,0.061297,0.133454,0.01847,0.000421,0.00167,0.001232,0.000224,0.045956,0.004078,0.002153,0.008456,0,0.004277,0.002399,0.019846,0.032839,0,0.000575,0.008027,0.013503,0.002955,0.00854,0.000448,0.005145,0.001725,0.000478,3.00E-05,0.015689,0.007855,0.006974,0.010468,0.004308,0.000774,0.001766,0.001557,0.006465,0.000306,0.00024,0.000439,0.002461,0.008147,0.001944,0,0.001986,0,0.000131,0.007191,0.000153,0.001945,0.001671,0,5.70E-05,0.000243,2.30E-05,0,0.000594,0,0.000263,0,0.000277,0.003102,0.000258,2.20E-05,0.000112,0,8.00E-05,2.00E-05,0.003621,0.000406,0.000338,0.000764,9.10E-05,4.50E-05,6.50E-05,0.001081,3.70E-05,0,0.000434,9.20E-05,0.000175,0.000232,0,0.000208,0,0,6.50E-05,0,0,0,0,0,0,0,0,0,0,0,0,0,8.10E-05,0,9.00E-05,0,0,0,3.00E-05,0,0,0,0,3.90E-05,0,5.40E-05,0,0,0,0,4.90E-05,0,0,5.40E-05,0,0,0,0,0,0,0,0,2.40E-05,0,0,2.90E-05,0,0,0,0,0,0,0,0,0
70_0W,0W,0.132666,0.000693,0.048528,0.290386,0.060889,0.009097,0.006688,0.01163,0.068316,0.100532,0.008531,0.000555,0.002707,0.000209,0.000244,0.066036,0.001011,0.000198,0.00117,0,0.010599,0.001455,0.005562,0.013656,0,0.000688,0.003151,0.017332,0.003416,0.011999,0.000222,0.015971,0.000679,0.000749,0,0.004063,0.016908,0.006901,0.012886,0.004499,6.00E-05,0.000235,0.001516,0.00073,9.40E-05,0.002903,0.000212,0.002352,0.036719,0.001133,0,7.80E-05,0,7.40E-05,0.001345,0,0.001963,0.00272,0,0,0.00115,0,0,0.000256,0,0.000566,0,0.000108,0.000168,0.000569,0,3.20E-05,0,0.000134,2.70E-05,0,0.000778,0.000529,0.00039,0.000546,0,0,9.20E-05,0,0.000126,0.000286,0.000132,2.30E-05,5.10E-05,0,5.70E-05,0,0.000111,5.60E-05,0,0.000181,0,0,0,0,0,2.50E-05,0,0,0,0,0,0.000211,0,1.90E-05,0.000131,0,2.40E-05,0,0,0,0,0,0,0,0,0,0,5.80E-05,0,0.000116,3.40E-05,0,0,0,0,0,2.70E-05,0,0,0,0,0,0,3.10E-05,0,0,0,0,0,0,0,0,0,0
72_0W,0W,0.189608,0.00703,0.020328,0.247658,0.051795,0.00504,0.009644,0.032806,0.125577,0.064357,0.008244,0.004032,0.012057,0.000829,0.000228,0.020856,0.001358,0.000804,0.04056,0,0.010752,0.00265,0.004069,0.005469,0,0.00019,0.029665,0.007349,0.010817,0.001253,0.000365,0.005103,0.000346,0.000373,0.000196,0.011952,0.011512,0.003504,0.013591,0.004515,0.002492,0.000323,0.001556,0.001891,0.000284,0.000282,0,0.000692,0,0.001438,0.000224,0.004514,0,9.10E-05,0.003402,0.000244,0.00138,0.001694,2.90E-05,0.000183,0.00376,0.000114,2.10E-05,0.000902,0,0.000265,0.000104,7.90E-05,0.00312,0.000359,2.50E-05,8.00E-05,0,0.000187,0.000607,4.70E-05,0.000758,0.00019,0.000554,0.000166,0.000196,0,0,0.000116,0.000214,2.50E-05,0.000103,0,0,6.60E-05,0.00015,0,0.000303,0,0,2.40E-05,0,0,0,0,0,0,0,7.90E-05,0,3.50E-05,0,2.00E-05,0,2.50E-05,0,0,0,0,0,2.30E-05,0,0,0,2.50E-05,0,0,2.60E-05,0,0,0,0,0,0,0,0,0,3.10E-05,0,0,0,0,0,0,0,0,0,0,0,0,0,0,0,0,0
77_0W,0W,0.178703,0.000524,0.02364,0.247162,0.05183,0.005315,0.01822,0.060371,0.045618,0.098417,0.007529,0.000927,0.009868,0.000447,0.000295,0.041357,0.001307,0.002988,0.008598,5.40E-05,0.025966,0.000654,0.012882,0.009898,0,6.50E-05,0.008741,0.017427,0.004058,0.011098,0.000161,0.008357,0.000463,0.000243,0.000182,0.013578,0.029277,0.013093,0.007631,0.003934,1.00E-04,0.000265,0.002663,0.00219,0.000138,0.000816,2.30E-05,0.003686,0.001563,0.00123,0,0.001605,0,5.10E-05,0.002529,0,0.001755,0.002174,0,0.000113,0.001314,9.40E-05,0,0.000251,0,0.00029,0,0.000111,0.001108,0.000598,3.00E-05,0.000309,3.00E-05,0.000183,0.00054,2.10E-05,0.000499,0.000638,0.000277,0.00041,0,2.60E-05,9.40E-05,8.20E-05,0,0.000346,0.00011,3.20E-05,0.000113,3.00E-05,0.000257,0,0.000108,0,0,0,0,0,0,0,2.70E-05,0,0,0,0,2.60E-05,0,5.10E-05,3.10E-05,0.000106,0,0,0,0,0,3.40E-05,0,0,0,0,0,0,2.00E-05,0,0,0,0,0,0,0,0,0,0,0,0,0,0,2.50E-05,0,0,0,0,0,0,0,0,0,0,0,0
78_0W,0W,0.200778,0.004404,0.046983,0.149129,0.091685,0.006456,0.014463,0.064667,0.067012,0.083294,0.013179,0.001953,0.002645,0.00081,0.000414,0.022759,0.002147,0.005032,0.00158,0,0.021515,0.001961,0.018496,0.02863,0,0.000527,0.009437,0.032313,0.003278,0.003808,0.000367,0.006175,0.001567,0.000358,2.40E-05,0.005163,0.029153,0.008935,0.004637,0.003852,0.001319,0.001,0.002215,0.003638,0.000106,0.000387,0.000177,0.003562,0.011147,0.002615,0,0.000498,0,0,0.001712,0,0.00132,0.001443,0,7.60E-05,0.000566,0.000136,0,0.00108,0,0.000286,5.40E-05,9.50E-05,0.00119,0.000755,5.20E-05,0,0,0.000482,0.000244,0,0.000232,0.000426,0.00068,0,0,8.20E-05,2.00E-04,0,7.20E-05,0.000615,9.10E-05,2.50E-05,0.000109,0,0.000515,0,0.000501,0,0,0,0,5.10E-05,4.40E-05,0,0,0,0,0,0,0.000351,0,3.00E-05,0,2.40E-05,2.50E-05,0,0,0,0,0,3.30E-05,2.80E-05,0,0,2.80E-05,0,0,0,0,0,4.80E-05,2.80E-05,0,0,0,0,0,2.10E-05,0,0,0,0,0,0,0,0,0,0,0,0,0,0,0,0
405_0W,0W,0.114085,0.001499,0.018601,0.204535,0.008702,0.003434,0.071182,0.002021,0.020676,0.190266,0.000544,0.007841,0.002584,0.021098,0.000182,0.060293,0.000321,0.001978,0.006732,0,0.011696,0.003574,0.033052,0.027531,3.80E-05,0.003752,0.011994,0.022944,0.002049,0.005582,0.00068,0.011587,0.000635,0.000531,0,0.011816,0.02169,0.000735,0.010047,0.008407,0,0.000206,0.004824,0.009435,0.000239,0.000791,0.001029,0.020622,0.000548,0,0.000165,0.000115,0,0.000216,0.000864,0,0.008207,0.005525,0.000153,7.90E-05,0.00517,0,0.000551,0.000197,0,0.000326,4.20E-05,0,0.000222,0.001523,0,0.001192,3.30E-05,0.000281,8.70E-05,0.004972,0.001207,0.001036,0.000984,0.001554,7.30E-05,3.50E-05,0.00017,0,0,0.000183,0.000117,0,0.000723,0,5.10E-05,0,0,5.20E-05,0,7.00E-05,0,0,0,0,6.80E-05,4.60E-05,0,7.60E-05,0,0.000156,0,3.60E-05,0,8.20E-05,0,0,0,0,0.000148,0,7.10E-05,0,0,0.000206,3.80E-05,0,0,9.20E-05,0,7.40E-05,8.90E-05,0,0,0,0,0,3.50E-05,0,0,0,0,0,0,0,0,0,0,0,0,0,0,0,0,0
411_0W,0W,0.183999,0.003812,0.039876,0.13757,0.057846,0.002676,0.043064,0.022493,0.10494,0.148647,0.002692,0.004198,0.001517,0.003961,7.80E-05,0.021465,0.005181,0.001945,0.015409,0,0.002791,0.001443,0.052817,0.011503,0,0.002471,0.018688,0.007986,0.002964,0.002733,0.000351,0.006884,0.000409,0.00079,2.10E-05,0.011297,0.009088,0.007078,0.009949,0.003422,0,0.001131,0.003427,0.010461,0.000191,0.000116,0.000267,0.005329,0.000177,0.001382,0.000132,0.002019,0,5.00E-05,0.002829,0.000462,0.001875,0.001473,2.50E-05,0.000206,0.005303,7.50E-05,0,0.000194,0,0.00026,0.000567,0.000279,0.001761,0.000501,0.000169,0.000162,0,7.10E-05,0.000236,0.000673,0.000271,0.000389,0.000533,0.000432,6.60E-05,2.20E-05,0.000265,0.000179,0,0.000342,0.000126,0,0.000532,0,4.50E-05,2.10E-05,5.10E-05,0,3.30E-05,0,0,5.50E-05,0,2.50E-05,0.000112,0,0,1.70E-05,0,4.40E-05,0,1.90E-05,0,6.10E-05,0,0,0,0,0.000163,2.10E-05,0,0,0,5.50E-05,2.30E-05,8.60E-05,0,1.80E-05,0.000137,0,0,0,0,0,0,0,0,0,0,0,0,0,0,0,0,0,0,0,0,0,0,0,0,0
431_0W,0W,0.242179,0.001849,0.063582,0.089935,0.200633,0.004329,0.044114,0.027855,0.037363,0.094368,0.000126,0.001158,0.001282,0.00892,0.000408,0.013235,0.004527,0.001473,0.000811,1.70E-05,2.70E-05,0.002734,0.018352,0.004071,2.50E-05,0.000722,0.015984,0.005672,0.002523,0.00335,0.000416,0.004408,0.000704,0.000205,3.00E-05,0.021569,0.006202,0.016445,0.004866,0.00283,0,0.000696,0.002975,0.010767,0.000191,0.000191,0.000113,0.006524,0.002814,0.003883,0,0.000807,0,2.10E-05,0.003279,0.001151,0.000597,0.000532,0.001335,0.000263,0.002927,2.40E-05,0,0.00093,0,0.00036,3.80E-05,4.60E-05,0.002778,0.000362,0.000567,4.30E-05,0,0.00028,0.001044,0.000306,0.000183,0.000421,0.000331,0.000351,3.30E-05,0,0.001078,0.000556,0,0.000579,0.00012,0,2.80E-05,0,0.000135,0,5.80E-05,0,0,0,0,4.20E-05,8.90E-05,2.90E-05,0.000379,0,0,2.40E-05,0,0,0,0,0,9.60E-05,8.20E-05,0,2.50E-05,0,0,3.50E-05,0,2.40E-05,1.60E-05,0,8.70E-05,0,0,0,0,0,0,4.20E-05,1.40E-05,0,0,0,0,0,0,0,0,0,0,0,0,0,0,0,0,0,0,0,0,0
51_1W,1W,0.173896,0.022516,0.137724,0.053393,0.058086,0.057881,0.078211,0.05803,0.029322,0.024385,0.038703,0.072962,0.025905,0.004714,0.004152,0.005862,0.013281,0.001635,0.026577,5.60E-05,0,0.004051,0.005566,0.000188,0.002324,0.00279,0.001283,0.002288,0.002804,0.006689,0.00123,0.007298,5.40E-05,0.046169,5.20E-05,0.002597,0.000426,0.001097,0.002799,0.00168,0.000857,0.003559,0.00142,0.002399,2.20E-05,0,0.000491,0.001682,0,0.001488,0,0,2.60E-05,0,0,0.000261,0.002116,0.001128,0.00016,0.000823,4.00E-04,0.000138,0,0.002213,0,0.000188,0.00042,4.10E-05,0,9.40E-05,1.70E-05,0,0.000135,0,2.60E-05,0,9.10E-05,0.000195,9.40E-05,0,0,0.000161,2.00E-05,8.40E-05,0,0,7.20E-05,0.000185,0,0,2.00E-05,0,2.70E-05,0,4.90E-05,4.90E-05,0,5.90E-05,0,0,0,6.40E-05,0,0,2.60E-05,0,0,0,0,0,0,0,0,0,0,0,0,0,0,0,0,0,0,0,0,0,0,0,0,0,2.40E-05,0,0,0,0,0,0,0,0,0,0,0,0,0,0,0,0,0,0,0
55_1W,1W,0.007736,0.354864,0.000783,0.013937,0.003347,0.054773,0.001718,0.000229,0.047154,0.002306,0.004665,0.09096,0.014332,0.140955,0.100212,0.000313,0.003863,0.002384,0.000165,2.30E-05,0.000309,0.017698,0.000486,0.000176,0.008709,0.007298,0.001533,0.005271,0.000544,9.20E-05,0.002549,0.004232,4.50E-05,0.002495,0.000401,0.000502,0.00039,2.30E-05,8.30E-05,8.30E-05,0.016979,5.90E-05,2.50E-05,0.001165,2.20E-05,2.10E-05,0.046504,4.50E-05,2.50E-05,2.60E-05,0,0.000171,0.000421,0,0.00074,0.003357,0,0,0.000237,0,0,0.019453,1.80E-05,0.00027,0.000254,0,0,0,0,6.70E-05,0.008369,0,0.000433,2.30E-05,0.000531,0,0,0,1.70E-05,0,1.70E-05,0,9.80E-05,6.80E-05,0,0,2.80E-05,0,0,0,0,9.30E-05,0,0,0.001979,0,0,0,3.80E-05,0,0,0,0,0,0.000658,0,2.30E-05,0,0,0,0,0,0,0,0,0,0,0,6.90E-05,0,0,0,0,0,0,0,0,0,0,0,0,2.00E-05,0,0,0,0,0,0,3.90E-05,0,0,0,0,0,0,0,0,0,0,0
68_1W,1W,0.003216,0.020422,0.011794,0.009993,0.002218,0.333448,0.000293,0.001609,0.000331,0.000271,0.025253,0.129349,0.10404,0.042747,0.143512,0,0.02939,0.031919,0.000188,0.000171,0,0.029833,0.000101,0.000106,0.005614,0.010406,2.40E-05,0.003913,2.00E-05,0,0.004852,0.000139,0,0.000793,0.027221,0,0,0,0,0,0.012934,0,6.30E-05,0.00296,0.000508,0,0.000747,0,0,0,0,0,2.30E-05,0,4.80E-05,0.004065,0,0,0,0.000369,0,0.00013,2.70E-05,0,0.000838,0,0,0,0,0,0.000546,0,0.001134,0.001057,0.000717,0,0,0,0,0,0,4.50E-05,2.80E-05,0.000101,0,0,0,0,0,0,0,0.00019,0,0,0,0,0,0.00011,2.70E-05,0,0,0,0,0,0,0,0,0,0,0,0,4.30E-05,0,0,0,0,0,3.30E-05,2.70E-05,0,0,0,0,0,0,0,0,0,0,4.40E-05,0,0,0,0,0,0,0,0,0,0,0,0,0,0,0,0,0,0,0,0
70_1W,1W,0.057064,0.03482,0.080019,0.05632,0.002184,0.002574,0.003081,0.0106,0.000267,0.010082,0.064055,0.032042,0.055574,0.066509,0.088403,2.70E-05,0.03188,0.090869,0.000158,0.238003,0.001034,0.029266,0.001074,0,0.005734,0.01548,0,0.001427,1.30E-05,0,0.013151,0.000554,0,2.00E-05,0,0,0,1.90E-05,0,1.60E-05,0.000152,0,5.10E-05,0.000335,0.000127,0,0.002129,1.80E-05,0,0,0,0,0.000466,0,1.60E-05,0.000489,2.80E-05,0,0,0,3.30E-05,0.000113,0,0,5.80E-05,0,0,0,0,0.000121,0.000595,0,0.000174,0.001017,0.000771,0,0,0,0,0,3.40E-05,0.000526,0,0.000222,0,0,0,0,0,1.30E-05,0,0,0,0,7.70E-05,0,0,4.70E-05,4.80E-05,0,0,0,0,0,0,0,0,0,0,0,0,0,0,0,0,0,1.00E-05,0,0,0,0,0,1.10E-05,0,0,0,0,0,0,0,0,0,0,0,0,0,0,0,0,0,0,0,0,0,0,0,0,0,0,0
72_1W,1W,0.044574,0.03988,0.119608,0.083006,0.024996,0.113292,0.003287,0.048579,0.002278,0.001196,0.08934,0.037895,0.043471,0.018984,0.133562,0.000106,0.050751,0.070153,3.70E-05,6.00E-05,0.000227,0.021786,0.00282,5.60E-05,0.010458,0.000906,0.000138,0.001409,0.000489,0.000906,0.025206,0.000289,0,0.00029,0.000577,8.40E-05,0,0.000236,6.90E-05,0.000159,0.001732,0.000103,7.10E-05,0.000169,9.40E-05,0,0.000465,0,0,5.10E-05,0,0,2.30E-05,0,0,0.000728,2.90E-05,1.70E-05,0,0.001455,0,3.60E-05,0,0,0,0,6.20E-05,0,1.70E-05,8.00E-05,0.000286,0,2.10E-05,1.80E-05,0.000651,0,0,0,0,0,2.00E-05,0.000365,0,0.000453,0,0,0.000106,0,0,0,0,0,0,2.20E-05,0,0.000662,0,6.40E-05,0,0,0,0.000765,2.20E-05,0,0,0,0,9.80E-05,0,0,0,0,0,0,0,0,9.20E-05,2.10E-05,0,0,0,0,2.30E-05,0,0,0,0,0,0,0,0,0,0,0,0,1.90E-05,0,0,0,0,0,0,0,0,0,0,0,0,0,0
78_1W,1W,0.003104,0.046275,0.001079,0.001767,0.000574,0.258524,0.000421,0.000146,0.000798,0.000426,0.133981,0.00932,0.094785,0.091297,0.153965,7.20E-05,0.05227,0.0169,0.000125,2.50E-05,0.001373,0.060027,0.000378,2.00E-05,0.001652,0.00452,7.60E-05,0.011021,8.50E-05,0.001739,0.015249,0.006599,0,0.001008,6.10E-05,2.60E-05,4.60E-05,0,2.20E-05,1.90E-05,0.018003,0,0.000207,0.000281,0.000281,0,0.000759,2.00E-05,2.10E-05,0,0,4.90E-05,0.000911,0,0,0.00263,2.70E-05,0,0,0,0,0.000175,0,0,0.001592,0,7.80E-05,0,0,5.20E-05,0.000631,0,5.40E-05,0.000786,0.001402,0,0,0,0,0,0,0.000327,0,0.001178,0,0,5.90E-05,0,0,0,0,1.70E-05,0,0,1.70E-05,0,0,9.70E-05,0.000125,0,0,0,2.90E-05,0,0,0,0,0,0,0,0,0,0,0,0,0,5.00E-05,6.10E-05,8.70E-05,0,0,0,0.000153,0,0,0,0,0,0,0,4.40E-05,0,0,2.20E-05,0,0,0,0,0,0,0,0,0,0,0,0,0,0,0,0
405_1W,1W,0.10143,0.041844,0.039289,0.09814,0.195701,0.011555,0.034853,0.066083,0.017448,0.025777,0.039416,0.053839,0.008349,0.033757,0.044984,0.00996,0.033355,0.030396,0.001132,7.30E-05,2.00E-04,0.026145,0.006591,0.001338,0.004044,0.003553,0.010784,0.009679,0.003463,0.005243,0.007294,0.005663,0,0.000291,0.001301,0.002115,0.002921,0.000627,0.00058,0.002329,0,0.002608,0.000423,0.000397,0.004585,0.000124,0.000766,0.000133,0,8.50E-05,0.000153,2.20E-05,0.000248,0,6.10E-05,5.60E-05,4.40E-05,0.000252,0.002144,0.002396,1.70E-05,3.10E-05,2.00E-05,0,0,4.90E-05,5.30E-05,0,0,2.90E-05,0.00016,0,2.20E-05,0.000156,0,0,0,0.00019,5.70E-05,0.002459,0,0.000193,5.20E-05,6.80E-05,0,0.000135,9.30E-05,7.10E-05,0,0,0,0,0,0,0,0,2.90E-05,0,0,0,0,0,0,0,0,0,0,0,0,0,0,3.00E-05,2.60E-05,0,0,0,0,0,2.10E-05,0,0,0,0,0,0,0,0,0,0,0,0,0,0,0,0,0,0,0,0,0,0,0,0,0,0,0,0,0,0,0
411_1W,1W,0.05343,0.016375,0.037242,0.144833,0.032249,0.045348,0.002402,0.01088,0.006703,0.00686,0.046055,0.070246,0.064662,0.044001,0.075228,0.000346,0.01226,0.018109,0.007312,0,0.001051,0.093908,0.000843,0.000339,0.004964,0.165172,0.00259,0.001769,3.00E-04,0.003298,0.014225,0.001104,0,0.001201,0,8.90E-05,0.000289,0.000433,0.000103,0.000435,0,0.001267,2.20E-05,5.10E-05,0.000872,3.30E-05,0.0038,2.90E-05,2.30E-05,0,0.000667,2.30E-05,0.000318,0,2.60E-05,0.001745,2.90E-05,2.70E-05,0.001194,2.10E-05,0.000555,2.30E-05,0,2.70E-05,0,0,0.000168,0,0,8.40E-05,0.000332,0,5.50E-05,0.000724,0.000307,0,0,4.50E-05,0,0,0.000218,7.50E-05,0,5.50E-05,0,0,0.000227,0,0,0,0,0.000126,0,0,0,0,7.40E-05,0,0,0,0,0,0,0,0,0,0,0,0,0,0,3.40E-05,0,0,0,0,0,2.00E-05,0,0,0,0,2.90E-05,0,0,0,0,0,0,0,0,0,0,2.10E-05,0,0,0,0,0,0,0,0,0,0,0,0,0,0,0,0
431_1W,1W,0.154038,0.03529,0.051373,0.222286,0.090692,0.003573,0.001787,0.002633,0.040686,0.010922,0.02173,0.033175,0.016351,0.035387,0.076597,0.001871,0.019359,0.08316,0.000926,0,0.000467,0.025635,0.019954,0.000668,0.012054,0.00622,0.000797,0.002042,0.00082,0.000881,0.004651,0.002109,0,0,0,0.001259,0.000277,0.001244,0.00048,0.001037,0,0.001986,0.000462,0.000805,0.002251,2.80E-05,0.001841,0.000178,0,0,2.80E-05,0.000135,0,0,0,0.000423,5.00E-05,0.000239,0.003853,0,0.000131,5.70E-05,0.000541,9.00E-05,0,0,0,0,0,0,0.000104,0,0,5.80E-05,0.000115,0,0,0.000119,0,6.50E-05,0.002854,8.30E-05,0,0.000163,0,0,0.000236,0,0,0,0,3.40E-05,0,0,0,0.000379,0,4.90E-05,2.30E-05,0,2.20E-05,5.90E-05,0,0,0,0,0,5.30E-05,0,0,0,0,0,0,0,0,0,3.10E-05,0,0,0,0,0,0,0,0,0,0,0,0,0,0,0,0,0,0,0,0,0,0,0,2.40E-05,0,0,0,0,0,0,0,0
51_2W,2W,0.15861,0.104441,0.183967,0.033568,0.025906,0.14591,0.02503,0.045536,0.013524,0.007542,0.036679,0.001237,0.054948,0.002197,0.000568,0.001656,0.025257,0.000564,0.038904,0.017607,0.000566,0.004761,0.003946,0.000119,0.001952,0.000507,2.00E-05,0.005161,0.000413,0.006795,0.008854,0.003523,0,0.02418,0.000271,3.70E-05,5.70E-05,0,0,0.001055,2.30E-05,0.003249,8.90E-05,9.10E-05,0.000106,1.80E-05,0.000199,2.50E-05,0,0,0.004047,0,0.000286,0,2.50E-05,0.000267,0.000114,0.000171,0,0.003045,0,9.20E-05,0,2.20E-05,0.000348,0.000109,0.00032,0,0,0.000108,0.000117,0,2.80E-05,9.20E-05,0.000154,0,0.000113,0,2.20E-05,0,0,0.000264,0,0.000141,0,0,0,2.00E-05,0,0,0,3.80E-05,0,0.000124,0,0,1.70E-05,9.30E-05,0,0,0,0,0,3.80E-05,0,0,0,0,0,0,0,0,0,0,0,0,1.60E-05,0,0,0,0,0,0,0,0,0,0,0,0,5.30E-05,4.80E-05,0,0,0,0,0,0,0,0,0,0,0,0,0,0,0,0,0,0,0
55_2W,2W,0.136781,0.077107,0.021941,0.036957,0.070079,0.234785,0.001352,0.058048,0.117593,0.005935,0.019153,0.028463,0.026255,0.009453,0.034529,0.000422,0.003079,0.002502,0.000236,2.00E-05,0.005153,0.002858,0.001532,0.000153,0.007206,0.00072,0.001135,0.002195,0.008545,0.002473,0.017346,0.006373,1.70E-05,0.006054,0.009007,0.003053,0,0.000109,2.70E-05,2.00E-05,0.016932,0.002228,0.002938,0.000172,0.004265,0,0.00223,0,0,0.00024,0,0,0.001309,0.000213,0,0.003529,4.40E-05,0.000119,0,7.40E-05,2.60E-05,0.000103,2.50E-05,0,0.000312,0.002546,0.000533,0,0,4.60E-05,0.000221,9.20E-05,9.30E-05,0.000128,0.00076,0,0.000204,0,0,0,0.000118,9.50E-05,0,0,0.000186,0,7.00E-05,2.60E-05,0,0,0,9.60E-05,0,0.000457,0,0,0,0,9.80E-05,7.20E-05,0,0,0,0,0,0,0.000678,0,0,0,0,0,0,3.00E-05,0,0,0,0,0,0,0,0,0,0,0,0,0,0,0,0,2.60E-05,0,0,0,0,0,0,0,0,0,0,0,0,0,0,0,0,0,0,0
68_2W,2W,0.258726,0.086776,0.008933,0.073207,0.1299,0.121633,0.000523,0.065027,0.069466,0.008824,0.012559,4.90E-05,0.047041,0.00495,0.000233,0.000459,0.006777,1.70E-05,6.20E-05,2.60E-05,0.020448,0.005578,7.80E-05,0.000889,0.001025,0.000996,0.012645,0.00215,0.021354,2.50E-05,0.000675,0.004909,3.00E-05,0.000741,0.000943,0.002376,0,0.000938,0,0.00706,0.007316,0.00141,0.000414,0,0.000555,0,5.00E-05,2.90E-05,0,0.000851,0,0,0.000142,0.004395,0,0.002465,0,5.70E-05,0,0,0,0.000339,5.40E-05,0,0.000128,0.000681,0,0,0,2.40E-05,0.000188,0,1.60E-05,0.000535,7.30E-05,0,0,0,0,0,0,1.90E-05,0,4.90E-05,0,0,0,0.001527,0,0.000245,0,0,0,0.000236,0,0,0,0,2.60E-05,0,0,0,2.90E-05,2.40E-05,2.40E-05,0,0,0,0,0,0,2.10E-05,0,0,0,0,0,0,3.00E-05,0,0,0,0,0,0,0,0,0,0,0,0,0,0,0,0,0,0,0,0,0,0,0,0,0,0,0,0,0,0,0
70_2W,2W,0.065851,0.318899,0.069685,0.077894,0.019015,0.047844,0.001014,0.027679,0.116938,0.004245,0.01645,0.000467,0.028529,0.036075,0.000288,0.020964,0.016337,0.00056,2.00E-04,9.80E-05,0.038093,0.013519,0.032198,0.01062,0.000475,0.000661,0.000683,0.001021,0.00445,0.003592,0.008543,0.000128,0.004423,0.000407,0.003668,0.000441,0,0,0.000139,2.50E-05,0.000452,0.001428,0.000129,5.50E-05,0.000645,0,2.90E-05,2.10E-05,0,0,0,0,0.000809,0,7.10E-05,0.000766,2.20E-05,0,0,2.20E-05,2.30E-05,0.000301,6.90E-05,5.00E-05,0.000311,0.000159,0.000411,0,0,7.10E-05,0,0,0,0.000122,0.000144,0,0,4.60E-05,0,0,0,0,0,0.000138,0,0,0.000907,0,2.30E-05,0,0,0,0,0,0,0,0,0,0,0,0,0,0.000616,0,0,0,0,0,0,0,0,0,0,0,0,0,0,0,0,0,0,0,0,0,4.20E-05,0,0,0,0,0,0,0,0,0,0,0,0,0,0,0,0,0,0,0,0,0,0,0,0,0
72_2W,2W,0.043658,0.058103,0.15162,0.063206,0.011393,0.28509,0.005312,0.057138,0.102566,0.006585,0.026767,0.002263,0.061733,0.00278,0.005658,2.30E-05,0.011794,0.003582,0.000534,0.00582,0.001113,0.002541,0.00045,0.008489,0.000214,0.000296,0.001703,0.006319,0.004294,0.010013,0.035657,0.002132,0.000328,0.005418,0.00128,4.40E-05,5.30E-05,0,8.10E-05,0,0.000552,0.006814,2.20E-05,0.000187,0.000429,2.80E-05,0.000194,2.90E-05,4.60E-05,2.60E-05,0,0,0.00106,0,6.60E-05,0.000166,3.70E-05,0,0,2.30E-05,3.10E-05,5.60E-05,0,2.40E-05,0.001477,0.000504,0.000845,0,0,2.30E-05,8.10E-05,0,0,0,0.000109,0,0,2.40E-05,3.10E-05,0,0,5.30E-05,0,0.000217,0,0,0.000384,0,0,0,0,0,0,0,0,0,0,5.60E-05,9.50E-05,0,0,0,0.000172,0,0,0,0,0,0,0,0,0,0,0,0,0,2.60E-05,0,0,0,0,0,0,0,0,0,0,0,0,0,0,6.30E-05,0,0,0,0,0,0,0,0,0,0,0,0,0,0,0,0,0,0
77_2W,2W,0.130547,0.082184,0.148404,0.021844,0.009273,0.004917,0.407333,0.017849,0.095273,0.006316,0.012132,0.000485,0.006933,0.001876,0.000226,0.000612,0.007018,0.000531,2.50E-05,0.000269,0.000954,0.00151,0.000111,0.008059,0.001822,2.70E-05,4.50E-05,0.002075,0.004315,0.001486,0.000251,0.002573,0.00016,2.30E-05,0.01204,0.000272,0,5.70E-05,2.70E-05,0.000485,0.000376,0.002017,0.000752,0,0.001625,2.50E-05,2.90E-05,3.10E-05,0.000169,0,0,0.000111,0.000111,0.000514,0,2.80E-05,0.000402,6.50E-05,0,0,0,0.00023,1.90E-05,0,0.001105,0.000216,0.000385,0,0,0.000113,0,0.000781,0.000173,3.70E-05,8.20E-05,0,0,0,0,0,0,2.80E-05,0,0,0,0,0.00015,0,0,0,0,0,0,0,0,0,0,0,0,0,0,0,8.70E-05,0,0,0,0,0,0,0,0,0,0,0,0,0,0,0,0,0,0,0,0,0,0,0,0,0,0,0,0,0,0,0,0,0,0,0,0,0,0,0,0,0,0,0,0,0,0,0
78_2W,2W,0.320198,0.059072,0.010736,0.029173,0.005898,0.248486,0.000503,0.063499,0.125722,0.002373,0.017212,0.000601,0.011101,0.004016,0.00116,0.000933,0.00752,6.10E-05,2.50E-05,0,0.017157,0.001138,3.00E-05,0.003763,0.015421,0.000368,0.000177,0.001454,0.003077,0.003593,0.00016,0.001848,0,0.005741,0.012988,0.000339,0,0.000452,0,0,0.000732,0.000228,0.001483,4.30E-05,0.013572,0,3.80E-05,0,0,2.00E-05,0,0,0.000822,0.000153,2.50E-05,0.000261,0,0,0,0,0,0.000248,0,0,0.000631,0.00118,0.000325,0,0,0.000222,0.000119,0.000341,0.000389,0.002212,0.000238,0,0,0,0,0,2.50E-05,0.000236,0,0.000122,0,0,0,0,0,0,0,0.000161,0,9.10E-05,0,0,0,0,2.20E-05,0,0,0,0,2.40E-05,2.10E-05,0,0,0,2.10E-05,0,0,0,0,0,0,0,0,0,0,0,0,0,0,0,0,0,0,0,0,0,0,0,0,0,0,0,0,0,0,0,0,0,0,0,0,0,0,0,0,0
405_2W,2W,0.219161,0.123305,0.1066,0.129879,0.029606,0.018187,0.058746,0.018547,0.005109,0.019582,0.028057,0.076633,0.003029,0.005407,0.005201,0.007606,0.011099,0.058263,0.001009,0.006332,0.001091,0.007023,0.002392,0.0024,0.012399,0.004386,0.000681,0.003854,0.001935,0.004334,0.002481,0.001447,2.40E-05,8.70E-05,0.000365,0.00073,9.50E-05,0.000865,0.003345,0.001495,0,0.002332,0.000887,0.000753,5.50E-05,3.40E-05,0.001927,0,0,0.000326,0.000662,0.000516,0.001031,0,0,0.000207,0.000129,2.30E-05,9.40E-05,0.004253,0,0.000273,0,0,4.60E-05,0.000249,0.000243,2.70E-05,0,0.000419,0.000255,0.000169,0.000205,0.000137,7.00E-05,0,0,9.90E-05,0.000152,0,0.000218,0.000311,0,0.000111,0,2.40E-05,0,3.50E-05,0,0.00013,0.000297,0.000314,0,0,0,0,2.70E-05,0,2.60E-05,9.90E-05,0,0,0,0,0,0,0,0,0,0,0,2.80E-05,0,2.00E-05,0,0,0,0,0,0,0,0,0,0,0,0,0,0,0,0,0,0,0,0,0,0,0,0,0,0,0,0,0,0,0,0,0,0,0,0
411_2W,2W,0.382874,0.12285,0.014364,0.017614,0.04391,0.049042,0.001147,0.039545,0.129501,0.001302,0.021503,4.30E-05,0.005467,0.001043,0.000163,0.000367,0.006611,6.70E-05,0,0,0.05329,0.000789,5.10E-05,0.023206,0.002101,0.000391,0.002315,0.000694,0.021711,0,7.80E-05,0.004203,0,0.010747,0.000839,0.004333,2.30E-05,0.003107,0.000708,0.001023,0.004584,2.30E-05,0.008683,5.20E-05,0,0,0,2.40E-05,0,0.00038,0,0.00609,0.000414,0.002692,0,0.007206,0.000189,2.50E-05,2.30E-05,0,0,0.000147,0.001411,0,2.00E-05,0.000276,0,0,0,0,0,0,4.40E-05,0,0.000136,0,0.000112,0.000196,0,0,0,0,0,0,0,0,0,0,0,6.80E-05,0,0,0,2.70E-05,0,0,1.70E-05,0,0,2.40E-05,5.30E-05,0,0,0,0,0,0,0,0,0,0,0,0,6.20E-05,0,0,0,0,0,0,0,0,0,0,0,0,0,0,0,0,0,0,0,0,0,0,0,0,0,0,0,0,0,0,0,0,0,0,0,0
431_2W,2W,0.341815,0.134739,0.019279,0.033286,0.053551,0.114478,0.002539,0.081618,0.008134,0.007045,0.035514,0.003621,0.008054,0.00812,0.001828,2.00E-05,0.018714,0.034978,0.000605,0.003718,0.023177,7.30E-05,0.005491,0.005171,0.002639,3.20E-05,9.40E-05,0.002342,0.001917,0.006429,0.003658,0.001202,0.000115,0.010026,0.000283,0.000418,0,0.001156,0,0.001526,3.20E-05,0.003441,0.001987,1.00E-04,0.000507,6.00E-05,0,0,0,0.001598,0.006931,0.000807,0.000417,0,0,0.000339,0,0,0.002232,0.001779,0,2.40E-05,6.80E-05,0,3.30E-05,0.000492,0.000579,0,0,0.000291,7.80E-05,0,3.30E-05,0.000142,1.60E-05,0,0,0.000251,0,0,0,9.30E-05,0,2.50E-05,0,0,0,7.60E-05,0,0,0,3.20E-05,0,0,0,0,2.70E-05,0,0,2.50E-05,0,0,0,0,0,0,0,0,0,0,0,0,0,0,0,0,0,0,0,0,0,0,0,0,0,0,0,0,2.50E-05,0,0,0,0,0,5.50E-05,0,0,0,0,0,0,0,0,0,0,0,0,0,0,0
51_3W,3W,0.278964,0.035736,0.068314,0.038263,0.053596,0.057151,0.167239,0.04262,0.005104,0.017403,0.026285,0.014422,0.00199,0.004199,0.000139,0.004566,0.007029,0.006704,0.075809,0.001947,0.002628,0.00288,0.005651,0.001578,0.012864,0.00214,2.00E-04,0.001659,0.002524,0.003498,0.00321,0.008516,0.000427,0.028186,0.000291,0.000889,0,0.000599,0.001098,0.002132,0,0.00167,0.00063,0.000659,5.20E-05,9.00E-05,0.00097,0.000324,0,0.000106,0.003527,2.30E-05,3.00E-04,0,0,0.000112,0.00012,8.40E-05,3.60E-05,0.000197,0,2.00E-05,0,0.00024,0.000233,0.000151,0.000301,0,0,0.000285,0,0.000167,0.000544,2.70E-05,2.70E-05,0,4.40E-05,0,0,0,7.50E-05,0.000124,0,0,0,0,2.60E-05,6.50E-05,0,0,0,0.000123,0,0,0,0,0,0,0,7.50E-05,2.10E-05,0,0,2.50E-05,0,0,0,0,2.50E-05,0,0,0,0,0,0,5.20E-05,0,0,0,0,0,0,0,0,0,0,0,0,0,0,0,0,0,0,0,0,0,0,0,0,0,0,0,0,0,0,0,0,0,0
55_3W,3W,0.27052,0.19075,0.066893,0.030387,0.079103,0.001598,0.010131,0.04604,0.043987,0.01732,0.023831,0.010825,0.004764,0.054025,0.000486,0.002235,0.012045,0.037007,0.000761,0.000554,0.003392,0.002985,0.000738,0.004898,0.023957,0.000622,0.000284,0.004396,0.001057,0.00266,0.000763,0.007675,3.00E-05,0.001323,0.012488,0.001176,3.90E-05,0.001179,0,0.000171,0.003497,0.001223,0.002879,0.000124,0.002187,0.007386,0.000102,0,0,0.001731,0,0,0.000517,0.000324,0,0.000137,0.000117,3.20E-05,0,0.000287,0,0,3.00E-05,0,0.000751,0.000357,0.000844,0,0,0.000316,0,0.001605,0.000655,2.00E-05,9.40E-05,0,0.00018,0,5.90E-05,0,0.000159,8.10E-05,0,0,0.000742,0,0,0,0,2.40E-05,0,5.70E-05,0,0,0,0,0,0,2.50E-05,0.000113,0,0,0,0.000189,0,0,0,0,3.30E-05,0,0,0,0,0,0,2.80E-05,0,0,0,0,0,0,0,0,0,0,0,0,0,0,0,0,0,0,0,0,0,0,0,0,0,0,0,0,0,0,0,0,0,0
68_3W,3W,0.279197,0.009086,0.055575,0.032461,0.122712,0.065347,0.261331,0.045614,0.02202,0.012465,0.015929,0.000324,0.003596,0.000872,0.000162,0.002273,0.004136,5.00E-05,4.30E-05,0.000564,0.01063,0.000854,0.003055,0.003695,0.001771,0.000353,0.010197,0.00193,0.003749,0.003005,0.000298,0.001823,0.000219,0.000531,0.00513,0.001158,2.30E-05,0.001542,0,0.002183,0.000331,0.001907,0.000947,0,0.00274,0.000279,3.20E-05,0,2.60E-05,0.001614,0.000262,0.000366,6.60E-05,0.003638,0,4.50E-05,7.00E-05,0,0,0.000386,0,0.000172,0,0,6.20E-05,0.00046,0.000524,0,0,2.10E-05,0,0,2.10E-05,2.50E-05,0,0,1.30E-05,2.20E-05,0,0,2.20E-05,0,0,0,0,0,0,0,0,0,0,0,0,0,0,0,0,0,2.50E-05,0,0,0,0,0,0,0,0,0,2.10E-05,0,0,0,0,0,0,0,0,0,0,0,0,0,0,0,0,0,0,0,0,0,0,0,0,0,0,0,0,0,0,0,0,0,0,0,0,0,0,0,0,0
70_3W,3W,0.163176,0.144761,0.172006,0.013566,0.150895,0.025203,0.021329,0.056015,0.029838,0.00951,0.029554,0.00049,0.004427,0.0049,0.000306,0.02788,0.025208,0.032139,0,0.005893,0.006153,0.002514,0.011894,0.004563,0.00159,0.000135,0.001182,0.00157,0.007903,0.002129,0.000453,0.001263,0.013133,0.000749,0.012768,0.000677,2.40E-05,0.001425,0,0.002657,9.60E-05,8.80E-05,0.000278,4.10E-05,0.000672,2.10E-05,0.000161,5.10E-05,0,0.002436,3.00E-05,0,0.000454,0.002382,0,6.40E-05,0,4.40E-05,0,0,0,0.000184,0,0,0.001991,0.000302,7.10E-05,0,0,0.000161,1.70E-05,0,0,4.60E-05,5.20E-05,0,0,0,0,0,0.000162,4.80E-05,0,6.30E-05,0,0,0,0,0,0,0,4.20E-05,0,0,0,0,4.80E-05,2.70E-05,2.50E-05,0,0,0,0,0,2.50E-05,0,0,0,0,0,2.00E-05,0,0,0,0,0,0,0,0,0,0,0,0,0,0,0,0,0,0,0,0,2.00E-05,0,0,0,0,0,0,0,0,0,0,0,0,0,0,0,0,0,0
72_3W,3W,0.096812,0.014081,0.109749,0.023643,0.057331,0.129584,0.292897,0.051591,0.013383,0.005214,0.043402,0.008484,0.022134,0.004218,0.002265,0.00074,0.023446,0.017214,0.001011,0.036153,0.001636,0.00063,0.003179,0.004328,0.001231,2.60E-05,0.000479,0.003383,0.000524,0.002645,0.010163,0.001803,0.002164,0.001496,0.001406,0.000491,0,0.000523,2.00E-05,0.000309,2.10E-05,0.002526,0.000592,0.000124,0.000341,2.50E-05,2.50E-05,7.90E-05,0,0.002089,0.00025,2.20E-05,0.000177,0,2.50E-05,7.50E-05,0,0,2.70E-05,0.001435,0,0,0,0,0.00116,0.00034,0.000295,0,0,7.80E-05,0,0,4.00E-05,0.000157,3.20E-05,0,0,0,0,0,0,5.80E-05,0,5.60E-05,0,0,0,0,0,0,0,0,0,0,0,0,3.10E-05,8.70E-05,1.80E-05,0,0,0,0,0,0,0,0,0,2.70E-05,0,0,0,0,0,0,0,0,0,0,0,0,0,0,0,0,0,0,0,0,0,0,0,0,0,0,0,0,0,0,0,0,0,0,0,0,0,0,0,0,0
77_3W,3W,0.200752,0.12209,0.117967,0.112274,0.144224,0.010068,0.006789,0.074151,0.016281,0.014311,0.027533,0.020641,0.00547,0.005627,0.000553,0.036062,0.015106,2.20E-05,0.000475,0,0.000466,0.000698,0.002417,0.012857,0.009088,0.000141,0.000619,0.002511,0.001959,0.007743,0.00019,0.001615,0.000181,8.70E-05,0.004486,0.000529,9.00E-05,0.001521,0.000961,0.002734,0.000195,0.002272,0.001781,0.00053,0.000942,0.000405,3.80E-05,0,0,0.004553,0.001786,0.002561,0.000376,9.00E-05,0,2.80E-05,0.000658,0.000334,0,0,0,0.000122,2.40E-05,4.40E-05,0,0.000115,0,0,0,0.00019,0,0.000159,0.000159,0.000197,0.000101,0,8.10E-05,0,2.60E-05,0,3.70E-05,2.10E-05,0,2.20E-05,0.000372,7.90E-05,0.000176,0,0,0,0,0,0,2.10E-05,0,0,0,2.40E-05,2.70E-05,6.20E-05,0,0,0,0,0,0,0,0,4.90E-05,0,0,0,0,0,0,3.10E-05,0,0,0,0,0,0,0,0,0,0,0,0,0,2.30E-05,0,0,0,0,0,0,0,0,0,0,0,0,0,0,0,0,0,0,0,0
78_3W,3W,0.392317,0.039098,0.011525,0.035359,0.046603,0.101316,0.100458,0.042628,0.035549,0.011313,0.026349,0.012121,0.002343,0.005379,0.000522,0.031803,0.012927,0,8.10E-05,0,0.003161,0.001902,0.003566,0.005652,0.017084,8.80E-05,0.00177,0.002001,0.009156,0.004122,0.000265,0.003482,0.000136,0.003844,0.011734,0.00043,0,0.000702,0,0.000304,0.000298,0.005758,0.000603,0,0.006307,8.70E-05,0,0,0,0.000444,0,0.001928,0.001487,0.001544,0,0.000265,2.50E-05,0.000115,0,0,0,0.000189,0,0,0.000129,0.000392,0.000928,0,0,0.000247,3.80E-05,0.000757,0.00015,0.000666,7.80E-05,0,3.60E-05,0,0,0,0,0.000253,0,0,0,0,0,0,0,2.20E-05,0,2.20E-05,0,0.000121,0,0,0,0,0,0,0,0,0,0,0,0,0,0,0,0,0,0,0,0,0,0,2.10E-05,0,0,0,0,0,0,0,0,0,0,0,0,0,0,0,0,0,0,0,0,0,0,0,0,0,0,0,0,0,0,0,0,0
405_3W,3W,0.184434,0.066542,0.080307,0.018326,0.063167,0.015633,0.346216,0.021979,0.006642,0.007396,0.042431,0.065295,0.013086,0.000977,0.000309,0.007768,0.011384,0.003482,0,0.007817,0.002822,0.000449,0.000442,0.003224,0.002322,6.10E-05,5.50E-05,0.002915,0.001738,0.001494,0.001332,0.001814,0,5.70E-05,0.000461,0.000458,0,0.000841,0.00673,0.00121,0,9.40E-05,0.000454,0.000143,0,2.40E-05,1.60E-05,2.00E-05,2.10E-05,0.000778,5.10E-05,0.000109,0.001085,0.000353,0,8.80E-05,5.70E-05,7.00E-05,0.001137,0.001703,0,4.20E-05,0,0,2.10E-05,0.00015,0.00014,0,0,0.000123,2.00E-05,0.000195,5.00E-04,0,0.000221,0,0,2.00E-05,0,0,2.30E-05,0.000269,0,2.10E-05,0,0,0,2.00E-05,0,2.20E-05,0,0.000104,0,0,0,0,0,0,4.10E-05,2.30E-05,0,0,0,0,0,0,0,0,2.80E-05,0,0,9.10E-05,0,0,0,0,1.50E-05,0,2.30E-05,0,0,1.90E-05,0,0,0,0,0,5.00E-05,0,0,0,0,0,0,0,0,0,0,0,0,0,0,0,0,0,0,0,0,0,0
411_3W,3W,0.422936,0.154606,0.012923,0.054164,0.04103,0.014014,0.042887,0.071989,0.031355,0.0149,0.020021,0.002643,0.007953,0.002303,9.30E-05,0.02182,0.009108,0,5.10E-05,0,0.00187,0.008453,0.001388,0.004406,0.005413,0.004734,0.000715,0.002144,0.006323,0.000841,0.001228,0.002787,4.80E-05,0.000387,0.006216,0.000941,0,0.000791,0.001077,0.001302,0.001107,0.001459,0.000438,4.50E-05,0.013313,4.90E-05,0.000157,2.80E-05,0,0.000643,0,0.000151,2.90E-05,0.001805,0.000146,6.20E-05,2.90E-05,9.70E-05,0.000492,0,0,7.60E-05,0,0,0,6.90E-05,0.00051,7.70E-05,0,0.000692,4.20E-05,0,8.80E-05,0,2.10E-05,0,0.000127,0,0,0,0,0.000106,0,0,0.001956,0,0,0,0,0,0,2.40E-05,0,0,0,0,0,0,5.60E-05,4.40E-05,2.30E-05,0,0,5.50E-05,0,0,0,0,0,0,2.30E-05,0,0.000101,0,0,0,0,0,0,0,0,0,0,0,0,0,0,0,0,0,0,0,0,0,0,0,0,0,0,0,0,0,0,0,0,0,0,0,0,0
431_3W,3W,0.244858,0.01942,0.068997,0.037212,0.029789,0.011673,0.395607,0.063241,0.004429,0.008253,0.021193,0.001716,0.015785,0.001196,2.20E-05,0.005913,0.006576,7.10E-05,0.001215,0.00128,0.015767,4.60E-05,0.001459,0.005872,0.001853,4.70E-05,0.000221,0.001799,0.003533,0.002392,0.001885,0.001219,0.002706,0.001904,0.00015,0.000694,0,0.000798,0.001031,0.000922,0,0.002295,0.000308,0.000758,0.000133,3.00E-05,2.10E-05,2.60E-05,0,0.000193,0.006471,5.80E-05,0.000156,0,4.40E-05,2.10E-05,0.000195,1.40E-05,0.000275,0.001156,0,0,0,0.003958,0,2.50E-05,0.000125,0.000161,0,6.60E-05,2.80E-05,0,7.00E-05,7.10E-05,0.000113,0,1.90E-05,7.90E-05,0,0,2.50E-05,0,0,1.90E-05,0,0,9.40E-05,0,0,0,0,2.80E-05,0,0,0,0,7.30E-05,0,0,0,7.50E-05,0,0,0,0,0,0,0,0,0,2.20E-05,0,0,0,0,0,0,0,0,0,0,0,0,0,0,0,0,0,0,0,0,0,0,0,0,0,5.10E-05,0,0,0,0,0,0,0,0,0,0,0,0,0
51_4W,4W,0.286368,0.031385,0.144116,0.080749,0.07327,0.099099,0.003575,0.036432,0.010769,0.014309,0.059989,0.016802,0.001795,0.001684,0.000702,0.004194,0.016291,0.000135,3.30E-05,0.000163,0.006244,0.000491,0.002693,0.002897,0.001907,0.000196,0.001955,0.002628,0.001814,0.001516,0.000111,0.002615,0.048915,0.008424,0.000152,0.000707,0,0.001301,0.000349,0.002431,0,0.001147,0.00116,0.000727,2.40E-05,0.012035,0,0,0,0.001083,0.007028,3.00E-05,0.001733,0,0,0.000413,2.30E-05,0,0,0,0,0.00012,0,0.000566,0,0.001494,0.000221,0,0.000273,0.000252,2.80E-05,0.000531,0.000823,0,4.10E-05,0,0,0,2.70E-05,0,3.30E-05,0.000302,0,0.000137,0,0,0,5.50E-05,0,5.70E-05,7.00E-05,4.40E-05,5.60E-05,2.50E-05,0,0,6.10E-05,4.90E-05,0,3.00E-05,0,0,0,3.10E-05,0,0,0,0,3.20E-05,0,0,3.30E-05,0,0,0,0,0,0,0,0,0,0,0,0,0,0,0,0,0,0,0,0,0,0,0,0,0,0,0,0,0,0,0,0,0,0,0,0,0,0
55_4W,4W,0.203044,0.19238,0.090515,0.043454,0.057375,0.018864,0.074005,0.055485,0.032891,0.007821,0.013619,0.02663,0.002608,0.011864,0.000203,0.004941,0.006379,0.048897,0,0,0.021605,0.000403,0.001484,0.005975,0.033794,0.000271,0.001348,0.002219,0.005608,0.001957,6.00E-05,0.001803,0.000139,0.000542,0.003612,0.000896,0,0.000716,2.90E-05,0.000327,0.002667,0.002205,0.00611,0.000126,0.00344,0.004971,2.70E-05,5.40E-05,0,0.001232,0,4.60E-05,0.001485,0.000569,0,2.30E-05,0.00011,2.40E-05,0,0,0,0,0,0,0.000134,0.000114,0.00073,0,0,0.000247,2.50E-05,0.000642,0.000327,5.70E-05,8.30E-05,0,0.000108,0,5.00E-05,0,5.50E-05,2.60E-05,0,0,0.000215,5.20E-05,0,4.20E-05,0,2.00E-05,0,2.90E-05,0,2.00E-05,0,0,5.30E-05,0,0,1.80E-05,0,0,0,4.90E-05,0,0,0,0,0,0,2.40E-05,0,0,2.80E-05,0,0,0,0,0,0,0,0,0,0,0,0,0,0,0,0,0,0,0,0,0,0,0,0,0,0,0,0,0,0,0,0,0,0,0,0
68_4W,4W,0.306732,0.120594,0.072765,0.087979,0.136727,0.01941,0.002487,0.043515,0.015861,0.004645,0.022878,0.00193,0.011593,0.007931,0.000302,0.00688,0.007658,2.80E-05,0.001041,0,0.034873,0.000812,0.002033,0.012455,0.007936,7.60E-05,0.028782,0.000732,0.002273,8.70E-05,0.000158,0.002184,7.80E-05,0.000362,0.000375,0.001764,0,0.002468,0.000213,0.003794,0.002095,5.90E-05,0.000496,5.30E-05,0.002839,0,0.000123,0,0,0.001929,0,0.001145,0.001818,0.003807,0,2.20E-05,0.000229,9.10E-05,0,0,0,0.000668,0.000462,2.70E-05,0.000275,0.000387,0,0.009837,0,0.000155,3.10E-05,0,3.20E-05,8.20E-05,0.000153,0,9.60E-05,1.80E-05,0,5.20E-05,0,7.60E-05,0,0,0,0,0,3.10E-05,0,3.60E-05,0,0.000125,0,0.000169,0,0,5.00E-05,0,0,0,0,0,0,0,2.80E-05,0,0,0,0,0,2.70E-05,0,0,0,0,3.30E-05,0,0,0,0,0,0,0,0,0,0,0,0,0,0,0,0,0,0,0,3.30E-05,0,0,0,0,0,0,0,0,0,0,0,0,0,0
70_4W,4W,0.182787,0.156119,0.188722,0.03918,0.045349,0.042643,0.007681,0.044312,0.021863,0.00638,0.031488,0.000217,0.007199,0.009826,0.000167,0.006323,0.019496,0.058154,0.000649,0.02618,0.006479,0.000882,0.017186,0.009447,0.002761,3.10E-05,0.000108,0.002295,0.004319,0.011422,0.009367,0.00133,0.014741,0.000259,0.00755,0.001005,0,0.000337,0,0.002957,0,0.002626,0.000443,2.60E-05,0.000491,3.40E-05,3.50E-05,0,0,0.000149,0,0.001579,0.000838,0.000825,0,0.000161,0.000981,0.001863,0,0,0,3.40E-05,0,0,0.000451,0.000204,0.000926,0,0,0.000119,0.000113,0,0,0,8.60E-05,0,0,0,0,0,2.70E-05,0,0,2.30E-05,0,0,0,0.000265,0,0.000243,0,3.10E-05,0,0,0,0,6.20E-05,5.40E-05,3.70E-05,0,0,0,0,0,0,0,0,0,0,0,0,2.80E-05,0,0,0,0,0,3.50E-05,0,0,0,0,0,0,0,0,0,0,0,0,0,0,0,0,0,0,0,0,0,0,0,0,0,0,0,0,0,0,0,0
72_4W,4W,0.133315,0.0364,0.134937,0.056426,0.032814,0.054971,0.055736,0.029916,0.007488,0.023279,0.02779,0.000999,0.007759,0.008987,0.000177,0.010326,0.006251,0.030217,0.278217,0.002125,0.004218,5.30E-05,0.001943,0.003956,0.003253,0,4.10E-05,0.003532,0.002455,0.005266,0.000427,0.001464,0.007597,0.002248,0.002932,0.000462,0,0,5.70E-05,0.002219,2.20E-05,0.00143,0.000147,0.000294,8.50E-05,0.008084,0,0,0,2.70E-05,0.001682,2.80E-05,0.001473,0,0,2.70E-05,2.60E-05,2.30E-05,0,0.003437,0,2.60E-05,0,0,0,0.000348,0.000563,0,0,0.000196,5.10E-05,0.000574,5.60E-05,0.000599,0,0,0.000178,0,0,0,7.00E-05,2.80E-05,2.60E-05,0,0,0,0,0,0,0,0,0,0,7.00E-05,0,0,0,3.00E-05,0,0,0,0,0,8.60E-05,0,0,0,0,0,0,0,6.10E-05,0,0,0,0,0,0,0,0,0,0,0,0,0,0,0,0,0,0,0,0,0,0,0,0,0,0,0,0,0,0,0,0,0,0,0,0,0,0
77_4W,4W,0.309958,0.168566,0.142083,0.045125,0.031232,0.004054,0.00353,0.077879,0.022139,0.008477,0.021112,0.000598,0.003597,0.005289,0.000147,0.007462,0.010237,2.50E-05,0.000127,0.018422,0.030218,0.000657,0.000141,0.008104,0.0132,0,0.000246,0.001121,0.008299,0.012201,0.000211,0.002556,0.0147,3.30E-05,0.000146,0.000419,7.40E-05,0.000461,0.001635,0.002233,0,0.002783,0.006835,0,0.003044,0.003995,5.20E-05,0,0,0.000289,0,0.00145,0.001192,0.000106,0,6.10E-05,0.000656,3.20E-05,0,0,0,8.10E-05,4.70E-05,0,2.70E-05,0.000115,0.000437,0,0,0.000179,5.40E-05,0.000699,0.000138,0.000166,7.40E-05,0,0.00032,0,0,0,4.70E-05,2.40E-05,0,6.20E-05,8.70E-05,0,5.30E-05,0,0,0,0,2.20E-05,0,0,0,0,3.00E-05,2.50E-05,2.60E-05,0,0,0,0,0,0,0,2.40E-05,0,0,0,0,0,2.70E-05,0,0,0,0,0,0,0,0,0,0,0,0,0,2.70E-05,0,0,0,0,0,0,0,0,0,0,0,0,0,0,0,0,0,0,0,0,0,0,0
78_4W,4W,0.26626,0.048197,0.033706,0.056779,0.04104,0.058089,0.089913,0.043203,0.010186,0.006972,0.033673,0.088757,0.004694,0.012582,0.000256,0.066097,0.017519,0.00026,0.036095,0.005142,0.00206,0.000123,0.005683,0.003963,0.01546,3.30E-05,0.000489,0.00098,0.001935,0.011851,0,0.0012,0.000348,0.006901,0.008082,0.000312,1.80E-05,0.004704,0,8.70E-05,0.000238,0.002867,0.000198,0,0.000115,0.000139,0,0,0,0.000141,0.004418,0.000175,0.003004,0.000587,0,0.000112,0.000677,6.10E-05,5.40E-05,0.000231,0,0.000575,7.00E-05,0,0,0.000302,0.000419,0,0,0.000413,0,0.00028,0.000392,0.000137,2.40E-05,0,0.000254,0,0,0,0.000224,6.00E-05,0,0,0,0,0,0,0,0,0,0,0,2.00E-05,0,0,5.70E-05,0,0,0,0,0,0,0,0,0,0,0,5.80E-05,0,0,0,2.40E-05,0,0,2.50E-05,0,0,0,0,0,0,0,0,0,0,0,0,0,0,0,0,0,0,0,0,0,0,0,0,0,0,0,0,0,0,0,0,0,0
405_4W,4W,0.306285,0.071466,0.136521,0.056168,0.05928,0.015197,0.086593,0.037975,0.024036,0.011974,0.050834,0.019468,0.006714,0.001781,0.000131,0.011369,0.024893,0.015006,4.70E-05,0.015164,0.00147,0.004003,0.000677,0.005516,0.001507,0.00017,0.000228,0.002442,0.002488,0.001243,0.000781,0.003211,0.000132,6.90E-05,0.000182,0.001107,0,0.003935,8.50E-05,0.001274,2.20E-05,0.00259,0.000374,0.000291,2.20E-05,0.000914,0,0,0,0.000223,0,5.10E-05,0.000288,0.006218,0,8.30E-05,0.000268,0,0.002159,0.000777,0,0,2.20E-05,0,1.60E-05,0.00035,0.00051,0.000888,0,0.000322,0.00014,0.000245,0.000754,0.000156,0.000107,0,4.30E-05,0,5.00E-05,0,4.20E-05,2.30E-05,0,3.20E-05,0,0,6.90E-05,2.40E-05,0,0.000222,2.90E-05,4.30E-05,0,0,0,0,9.40E-05,1.90E-05,0,0,0,0,0,0,0,0,0,0,0,0,0,3.90E-05,0,0,0,0,0,0,0,2.00E-05,0,1.90E-05,0,0,0,0,0,0,0,2.00E-05,0,0,0,0,0,0,0,0,0,0,0,0,0,0,0,0,0,0,0,0
411_4W,4W,0.273958,0.185433,0.071817,0.027702,0.104858,0.000982,0.062222,0.037494,0.016246,0.015904,0.024061,0.002659,0.001608,0.002951,2.40E-05,0.011904,0.005636,3.20E-05,0.034225,0.024601,0.000802,0.009466,0.002445,0.002932,0.01531,0.004703,0.002158,0.001174,0.007193,0.002415,0.001855,0.002342,0.000686,6.60E-05,0.003509,0.001372,0,0.001534,0.001859,0.001622,0.000175,0.001194,0.002334,0.000886,0.001163,0.014392,0.001209,0,1.90E-05,0.00121,0.000236,0.000702,0.000482,0.000102,0.004553,3.20E-05,0.000553,0.000147,0.000156,2.20E-05,0,2.80E-05,2.10E-05,2.20E-05,0,0.000116,0.000348,0,0,0.000167,2.30E-05,0,0.000266,6.70E-05,0,0,2.60E-05,0.000237,6.90E-05,0,5.70E-05,7.20E-05,0,0,0.000424,0,0,0,0,9.10E-05,0,5.10E-05,0,0,0,0,3.00E-05,0,0,0.000245,0.000126,0,0,0,0,7.50E-05,0,0,1.50E-05,0,0,0,5.10E-05,2.40E-05,0,0,0,0,0,0,2.20E-05,0,0,0,0,0,0,0,0,0,0,0,0,0,0,0,0,0,0,0,0,0,0,0,0,0,0,0,0,0
431_4W,4W,0.412399,0.055714,0.126217,0.032468,0.079869,0.002479,0.000522,0.032384,0.028939,0.008388,0.037321,0.007468,0.014627,0.026029,7.70E-05,0.031698,0.017458,0.000199,6.30E-05,0.007861,0.032147,3.00E-05,0.000294,0.004977,0.004301,0,7.10E-05,0.002091,0.005826,0.002504,0,0.000358,0.002244,0.001598,0,0.002264,3.20E-05,9.30E-05,0.006005,0.002692,0,2.50E-05,0.000106,0.000121,0,0,3.40E-05,2.90E-05,0,2.50E-05,0,0.000689,0.003347,4.70E-05,0.000146,0.000168,9.40E-05,0.000383,0.001713,0,0,0.000131,5.50E-05,0.001896,0.000151,4.70E-05,0,0.000482,0,5.00E-05,8.20E-05,0,2.80E-05,3.50E-05,6.30E-05,0,6.50E-05,0,0,0,0,2.40E-05,0,0,0,0,6.10E-05,0,0,0,0,3.00E-05,0,5.50E-05,0,0,5.30E-05,0,3.50E-05,0,0,0,0,0,0,0,0,0,0,0,0,0,0,0,0,0,0,0,0,0,0,0,0,0,0,0,0,0,0,0,0,2.30E-05,0,0,0,0,0,0,0,0,0,0,0,0,0,0,0,0,0,0
51_5W,5W,0.291983,0.04317,0.101019,0.039076,0.003721,0.04644,0.00381,0.036363,0.002507,0.00665,0.06316,0.041334,0.016883,0.004094,0.000215,0.001628,0.026402,9.90E-05,0.000559,0.169715,0.021374,0.000401,0.000133,0.009103,0.01722,0.000315,1.70E-05,0.000931,0.001526,0.003943,0.001913,0.003718,0.025395,0.000245,0.000817,0.000274,0,0.004165,2.10E-05,0.000426,0,0.000374,0.000745,1.40E-05,1.60E-05,2.00E-05,0,2.20E-05,0,8.70E-05,0.000315,0,0.001556,0.000498,0,9.60E-05,0,8.50E-05,0.000107,0,0,2.10E-05,0,0,0.000634,6.00E-05,0.000222,2.40E-05,0,0.000315,0.000295,0.000483,0.002509,0,0.000227,0,0,0,0,0,1.70E-05,0.000138,0,3.30E-05,0,0,0,0,0,0,0,0.000172,0,0,5.50E-05,0,0,2.50E-05,0,0,0,0,0,0,0,0,0,0,0,0,0,2.10E-05,0,0,0,3.00E-05,0,1.90E-05,0,0,0,0,0,0,0,0,0,0,0,0,0,0,0,0,0,0,0,0,0,0,0,0,0,0,0,0,0,0,0,0
55_5W,5W,0.230883,0.226155,0.105477,0.056753,0.001796,0.008903,0.01174,0.055574,0.069363,0.007981,0.02428,0.023989,0.009827,0.046186,0.000526,0.007729,0.017104,0.007295,6.90E-05,0.007999,0.007367,0.006348,7.10E-05,0.007916,0.01691,0.003839,0,0.000572,0.003446,0.001842,0.000825,0.004645,0.000278,0.000499,0.00205,0.000502,0,0.000236,0,9.80E-05,0.006448,0.000735,0.001219,0,0.007489,0,4.90E-05,0,0,4.40E-05,0,8.80E-05,0.000727,0.000209,0,0.000198,1.50E-05,0,0,0,0,3.20E-05,0,0,0.001446,0.000157,0.000619,0,0,0.000155,0.000157,0.000952,0.001185,6.60E-05,0.000179,0,2.10E-05,0,0,0,5.40E-05,0.000145,2.20E-05,6.00E-05,0,0,0,3.80E-05,0,0,0,0.000125,0,1.70E-05,0,0,4.00E-05,4.50E-05,1.50E-05,0,0,0,0,8.70E-05,0,0,0,0,2.30E-05,0,0,0,0,0,0,1.80E-05,0,0,0,0,2.50E-05,0,0,0,0,0,0,0,0,2.30E-05,0,0,0,0,0,0,0,0,0,0,0,0,0,0,0,0,0,0,0,0
68_5W,5W,0.421691,0.104923,0.017295,0.036317,0.046685,0.004785,0.005148,0.073789,0.070641,0.015855,0.024473,0.000114,0.002628,0.010425,0.000111,0.021956,0.008589,2.60E-05,0.000305,5.20E-05,0.028696,0.004006,0.003067,0.005993,0.002802,0.000347,0.028005,0.001089,0.006255,0.005619,0.000486,0.000574,8.90E-05,7.60E-05,5.60E-05,0.000421,0,0.000306,0.000447,0.001042,0.001154,0.001512,0.000185,6.40E-05,0.000476,0,2.80E-05,2.20E-05,0,8.60E-05,0.003878,0.012033,0.008187,0.003713,0.000532,0.000372,0.000241,0.000485,0,0,3.10E-05,0.00035,0.001295,0.003841,0.000915,0.000395,0,0.002474,0.000727,0.000141,0,0,0,4.50E-05,0.000136,0,0.000564,0,0,0.000132,0,3.40E-05,0,0,0,0,0,0.000211,0,6.50E-05,2.00E-05,0.000114,0,0.000124,0,0,5.60E-05,0,3.00E-05,0,0,0,0,0,0,0,0,0,0,0,5.10E-05,0,0,6.90E-05,0,0,0,0,2.80E-05,0,0,0,0,0,0,0,0,0,0,0,0,0,0,0,0,0,0,0,0,0,0,0,0,0,0,0,0,0,0,0
70_5W,5W,0.228245,0.166172,0.165075,0.038502,0.01334,0.047486,0.004086,0.050014,0.049941,0.007119,0.0194,0.000433,0.008775,0.004734,0.000318,0.007374,0.020578,0.025116,0.00032,0.036875,0.00475,0.005395,0.007293,0.008198,0.01064,0.001061,0.00023,0.001429,0.003124,0.007445,0.008655,0.001625,0.017365,0.000699,0.008571,0.000707,4.70E-05,0.000281,1.30E-05,0.001652,2.70E-05,0.002857,0.00021,2.50E-05,0.000669,0.000763,0.000121,2.30E-05,9.30E-05,0.000136,0.005481,0.000422,0.001084,0.00038,9.60E-05,0.000153,2.10E-05,0.001052,0,0,0,7.30E-05,0,4.10E-05,0.001053,0.000283,0.000691,2.00E-05,0,0.000165,9.00E-05,0,5.90E-05,5.80E-05,0.000286,0,0,0,1.90E-05,0,2.20E-05,0,0,4.90E-05,0,0,0,0.000147,0,0,0,5.20E-05,0,0,0,0,0.000107,6.80E-05,0,0,0,0,0,0,0,0,0,0,0,0,0,0,0,0,0,2.10E-05,0,0,0,0,0,0,0,0,0,0,0,0,0,0,0,0,0,0,0,0,0,0,0,0,0,0,0,0,0,0,0,0,0,0
72_5W,5W,0.219839,0.042317,0.176854,0.061878,0.078964,0.011443,0.021877,0.062241,0.015052,0.012971,0.029539,4.10E-05,0.008798,0.004907,0.000113,0.012615,0.004579,0.000131,0.156568,0.000352,0.00797,0.000322,0.003387,0.006491,0.002155,0,2.50E-05,0.00264,0.003619,0.004414,0.000185,0.001045,0.005685,0.001789,0.005244,0.000364,0.000184,0.000624,0,0.002213,0.000839,0.00242,0.000257,0.002194,0.000352,0.007062,0,0,0,0.000958,0.005322,0.000495,0.001076,0,0,0.000146,0.000308,0.004663,0.000602,4.40E-05,0,7.00E-05,5.20E-05,0,0.000535,0.00024,0.000517,0,0,8.50E-05,0.000111,0.000664,0,0.000359,3.50E-05,0,0.000496,0,0,0,0,0,0,2.30E-05,0,0,8.60E-05,0,0,2.60E-05,0,2.40E-05,0,0.000442,0,0,3.30E-05,0,2.90E-05,0,0,0,0,0,0,0,0,0,0,0,0,0,0,0,0,0,0,0,0,0,0,0,0,0,0,0,0,0,0,0,0,0,0,0,0,0,0,0,0,0,0,0,0,0,0,0,0,0,0,0
77_5W,5W,0.353754,0.028828,0.141892,0.050331,0.110861,0.016813,0.005381,0.061874,0.043519,0.012385,0.02681,0.000196,0.01613,0.000896,0.000341,0.024062,0.00461,0,2.70E-05,0.000214,0.011757,0.000618,0.001082,0.012366,0.003084,7.80E-05,4.20E-05,0.00113,0.006476,0.002405,0.000162,0.002779,0.011076,4.00E-05,2.20E-05,0.002622,5.10E-05,0.00111,0.001097,0.006037,0,0.0039,0.008493,5.00E-05,0.004617,0.004807,2.10E-05,0,0,0.00153,0.000643,0.006788,0.001021,3.10E-05,0,0.00021,0.000841,6.00E-05,0,0,0,0.000173,4.50E-05,0.000394,9.40E-05,0.000228,0.000447,0,0,0.000151,6.60E-05,0.00074,4.90E-05,0.000279,0.000239,0,2.20E-05,0,6.30E-05,0,0,1.90E-05,0,7.10E-05,0.000295,0,0.000147,4.50E-05,0,0.000107,0,0,0,2.70E-05,0,0,0.00011,2.30E-05,4.90E-05,0,0,0,0,0,0,0,0,0,2.30E-05,0,2.80E-05,0,0,6.90E-05,0,0,0,0,0,0,0,0,0,0,0,0,0,0,2.70E-05,0,0,0,0,0,0,0,0,0,0,0,0,0,0,0,0,0,0,0,0,0
78_5W,5W,0.238723,0.040979,0.046341,0.033741,0.071845,0.133701,0.092929,0.053425,0.006547,0.004304,0.039765,0.012801,0.012964,0.004628,0.000237,0.081837,0.017107,0.000161,0.013204,0.031729,0.001265,0.000751,0.002248,0.003789,0.011751,6.60E-05,4.90E-05,0.001583,0.001596,0.004234,0.000136,0.001409,0.00043,0.00082,0.009011,0.000555,0,0.006082,0,5.10E-05,0.000567,0.002311,0.000521,3.10E-05,6.10E-05,0.00447,1.90E-05,0,8.00E-06,0.001007,0.000988,2.00E-05,0.003138,0.000582,6.10E-05,0.000304,4.90E-05,0,0,1.30E-05,0,0.000321,3.80E-05,0,0.000322,0.000391,0.000297,0,0,0.00019,0,0.000154,0.00043,0.000256,4.10E-05,0,0.000267,0,0,0,3.00E-05,7.40E-05,0,4.00E-05,0,0,0,0,0,3.80E-05,0,3.50E-05,0,0,0,0,3.50E-05,0,0,0,0,0,0,0,0,0,0,0,5.20E-05,0,2.10E-05,0,2.40E-05,0,0,0,0,0,0,0,0,0,0,0,0,0,0,0,0,0,0,0,0,0,0,0,0,0,0,0,0,0,0,0,0,0,0,0,0,0
405_5W,5W,0.359089,0.053597,0.048376,0.04958,0.111699,0.018926,0.012771,0.068916,0.038197,0.027042,0.030497,0.01615,0.009317,0.001287,6.60E-05,0.016557,0.010755,0.039772,0.005451,0.016437,0.009718,0.000927,0.001114,0.003935,0.001358,0.000302,0.00116,0.002869,0.001264,0.00274,0.000397,0.000763,0.001561,0.000413,8.20E-05,0.001051,2.20E-05,0.004307,8.20E-05,0.003423,0,0.004328,0.001309,0.000453,2.30E-05,0.003181,0.000102,1.80E-05,0,0.001544,0,0.00179,0.001157,0.003695,0,0.000172,0.000322,0,0.003308,0,0,2.00E-05,0,0,0.000126,0.000417,0.000327,0.001726,0,0.000346,8.40E-05,0.000446,9.00E-04,2.00E-05,0.000193,0,0.000471,6.00E-05,4.60E-05,0,6.60E-05,4.20E-05,0,4.20E-05,0,0,0,0.000227,0,0.000811,4.60E-05,0,0,0,0,0,3.90E-05,1.80E-05,0,2.70E-05,0,0,0,0,0,0,0,0,0,0,0,1.60E-05,0,0,0,0,0,0,0,0,0,9.30E-05,0,0,0,0,0,0,1.90E-05,0,0,0,0,0,0,0,0,0,0,0,0,0,0,0,0,0,0,0,0,0
411_5W,5W,0.3311,0.0713,0.123582,0.045918,0.03813,0.004446,0.017378,0.027467,0.046218,0.013017,0.045572,0.022824,0.007183,0.011175,0.000205,0.017936,0.019377,0.003688,0.012122,0.064039,0.007417,0.007904,0.001742,0.005432,0.009983,0.008027,0.000813,0.001204,0.002635,0.002562,0.004066,0.00163,0.002321,0,0.000237,0.00126,0,0.000872,3.90E-05,0.001726,0.000804,0.001823,0.001725,6.00E-05,0.000674,3.80E-05,0.003649,0,0,0.000393,0.000123,0.000162,0.001358,0.001832,4.90E-05,4.40E-05,0,0,0.001981,0.000191,0,2.40E-05,0,0,0,9.60E-05,0.000618,0,0,2.00E-04,0,0.000433,0.000376,0,2.40E-05,0,2.10E-05,0,0,0,7.60E-05,2.40E-05,0,0,4.40E-05,0,0,0,0,0.000299,2.20E-05,0,0,0,0,0,7.50E-05,2.60E-05,0,1.90E-05,3.20E-05,0,0,1.90E-05,0,0,0,0,7.80E-05,0,0,1.90E-05,0,2.20E-05,0,0,0,0,0,0,0,0,0,0,0,0,0,0,0,0,0,0,0,0,0,0,0,0,0,0,0,0,0,0,0,0,0,0,0,0
431_5W,5W,0.405183,0.179302,0.107734,0.024777,0.000289,0.06765,0.000677,0.028506,0.030195,0.003793,0.024278,0.000207,0.002007,0.014027,0.000148,0.016156,0.023158,0.000112,7.10E-05,0.004104,0.01324,0.000109,2.40E-05,0.003039,0.013681,1.70E-05,0,0.000495,0.002579,0.001324,0,0.006082,0.005676,0.001793,0.000562,0.001286,0,5.80E-05,6.00E-05,0.000897,4.60E-05,4.70E-05,0.003652,0,0.00106,9.40E-05,1.60E-05,0,0,0,0.000494,0,0.002447,0.002627,0,4.70E-05,0,0.000255,0.004462,0,0,5.90E-05,8.80E-05,1.90E-05,0.000438,0.000124,0,0,0,0.000132,8.60E-05,0,3.00E-05,1.80E-05,8.90E-05,0,2.70E-05,0,0,0,0,8.90E-05,0,0,0,0,0,0,0,5.90E-05,1.50E-05,7.90E-05,0,0,1.60E-05,0,0,0,1.80E-05,0,0,0,0,0,0,0,0,0,0,0,0,1.90E-05,0,1.60E-05,0,0,0,3.60E-05,0,0,0,0,0,0,0,0,0,0,0,0,0,0,0,0,0,0,0,0,0,0,0,0,0,0,0,0,0,0,0,0